layer,run,duration_ms,status
personalized_warm,1,267.95,200
personalized_warm,2,241.86,200
personalized_warm,3,246.44,200
personalized_warm,4,252.28,200
personalized_warm,5,241.47,200
personalized_warm,6,241.16,200
personalized_warm,7,245.92,200
personalized_warm,8,248.30,200
personalized_warm,9,242.44,200
personalized_warm,10,239.79,200
personalized_warm,11,244.56,200
personalized_warm,12,248.81,200
personalized_warm,13,244.68,200
personalized_warm,14,242.84,200
personalized_warm,15,243.84,200
personalized_warm,16,237.42,200
personalized_warm,17,240.80,200
personalized_warm,18,254.51,200
personalized_warm,19,238.47,200
personalized_warm,20,246.09,200
personalized_warm,21,242.12,200
personalized_warm,22,237.52,200
personalized_warm,23,244.62,200
personalized_warm,24,243.28,200
personalized_warm,25,238.88,200
personalized_warm,26,236.71,200
personalized_warm,27,241.27,200
personalized_warm,28,250.66,200
personalized_warm,29,236.23,200
personalized_warm,30,239.51,200
personalized_warm,31,236.33,200
personalized_warm,32,235.80,200
personalized_warm,33,238.33,200
personalized_warm,34,237.44,200
personalized_warm,35,236.32,200
personalized_warm,36,234.77,200
personalized_warm,37,236.92,200
personalized_warm,38,236.23,200
personalized_warm,39,260.86,200
personalized_warm,40,242.70,200
personalized_warm,41,236.40,200
personalized_warm,42,237.07,200
personalized_warm,43,242.12,200
personalized_warm,44,239.11,200
personalized_warm,45,246.03,200
personalized_warm,46,270.81,200
personalized_warm,47,315.46,200
personalized_warm,48,241.75,200
personalized_warm,49,243.04,200
personalized_warm,50,241.10,200
mixed_feed,1,480.18,200
mixed_feed,2,475.00,200
mixed_feed,3,467.26,200
mixed_feed,4,586.91,200
mixed_feed,5,588.62,200
mixed_feed,6,585.02,200
mixed_feed,7,590.39,200
mixed_feed,8,589.40,200
mixed_feed,9,590.88,200
mixed_feed,10,587.71,200
web_home_http,1,133.97,200
web_home_http,2,139.40,200
web_home_http,3,136.05,200
web_home_http,4,124.73,200
web_home_http,5,121.22,200
web_home_http,6,130.25,200
web_home_http,7,141.95,200
web_home_http,8,224.36,200
web_home_http,9,124.71,200
web_home_http,10,135.22,200
